mod_folder,generated_image_path,suggested_thread_title,suggested_thread_body,initial_tag,access_model
AGF-4Modders-10IngredientSlots-v1.0.2,00_Images/_generated/ModImage_AGF-4Modders-10IngredientSlots.png,Help! Send image for mod AGF-4Modders-10IngredientSlots-v1.0.2,"See image below for mod details.
Need an image or a collection of images that fit a 1920x1080 or similar 16:9 ratio.",Needed,Survivor role
AGF-4Modders-CustomWindowEnteringDuration-v1.0.1,00_Images/_generated/ModImage_AGF-4Modders-CustomWindowEnteringDuration.png,Help! Send image for mod AGF-4Modders-CustomWindowEnteringDuration-v1.0.1,"See image below for mod details.
Need an image or a collection of images that fit a 1920x1080 or similar 16:9 ratio.",Needed,Survivor role
AGF-4Modders-Fix4DestroyBiomeBadge-v1.0.1,00_Images/_generated/ModImage_AGF-4Modders-Fix4DestroyBiomeBadge.png,Help! Send image for mod AGF-4Modders-Fix4DestroyBiomeBadge-v1.0.1,"See image below for mod details.
Need an image or a collection of images that fit a 1920x1080 or similar 16:9 ratio.",Needed,Survivor role
AGF-4Modders-Fix4RemoveItems-v1.0.1,00_Images/_generated/ModImage_AGF-4Modders-Fix4RemoveItems.png,Help! Send image for mod AGF-4Modders-Fix4RemoveItems-v1.0.1,"See image below for mod details.
Need an image or a collection of images that fit a 1920x1080 or similar 16:9 ratio.",Needed,Survivor role
AGF-4Modders-SkillPointCap-v1.0.1,00_Images/_generated/ModImage_AGF-4Modders-SkillPointCap.png,Help! Send image for mod AGF-4Modders-SkillPointCap-v1.0.1,"See image below for mod details.
Need an image or a collection of images that fit a 1920x1080 or similar 16:9 ratio.",Needed,Survivor role
AGF-BackpackPlus-060Slots-v3.2.3,00_Images/_generated/ModImage_AGF-BackpackPlus-060Slots.png,Help! Send image for mod AGF-BackpackPlus-060Slots-v3.2.3,"See image below for mod details.
Need an image or a collection of images that fit a 1920x1080 or similar 16:9 ratio.",Needed,Survivor role
AGF-BackpackPlus-072Slots-v3.2.3,00_Images/_generated/ModImage_AGF-BackpackPlus-072Slots.png,Help! Send image for mod AGF-BackpackPlus-072Slots-v3.2.3,"See image below for mod details.
Need an image or a collection of images that fit a 1920x1080 or similar 16:9 ratio.",Needed,Survivor role
AGF-BackpackPlus-084Slots-v3.2.3,00_Images/_generated/ModImage_AGF-BackpackPlus-084Slots.png,Help! Send image for mod AGF-BackpackPlus-084Slots-v3.2.3,"See image below for mod details.
Need an image or a collection of images that fit a 1920x1080 or similar 16:9 ratio.",Needed,Survivor role
AGF-BackpackPlus-119Slots-v1.2.3,00_Images/_generated/ModImage_AGF-BackpackPlus-119Slots.png,Help! Send image for mod AGF-BackpackPlus-119Slots-v1.2.3,"See image below for mod details.
Need an image or a collection of images that fit a 1920x1080 or similar 16:9 ratio.",Needed,Survivor role
AGF-HUDPlus-1Main-v5.4.7,00_Images/_generated/ModImage_AGF-HUDPlus-1Main.png,Help! Send image for mod AGF-HUDPlus-1Main-v5.4.7,"See image below for mod details.
Need an image or a collection of images that fit a 1920x1080 or similar 16:9 ratio.",Needed,Survivor role
AGF-HUDPlus-BMCounter-v2.1.3,00_Images/_generated/ModImage_AGF-HUDPlus-BMCounter.png,Help! Send image for mod AGF-HUDPlus-BMCounter-v2.1.3,"See image below for mod details.
Need an image or a collection of images that fit a 1920x1080 or similar 16:9 ratio.",Needed,Survivor role
AGF-HUDPlus-HealthBars-v4.0.1,00_Images/_generated/ModImage_AGF-HUDPlus-HealthBars.png,Help! Send image for mod AGF-HUDPlus-HealthBars-v4.0.1,"See image below for mod details.
Need an image or a collection of images that fit a 1920x1080 or similar 16:9 ratio.",Needed,Survivor role
AGF-HUDPlus-PurpleBook-v2.0.1,00_Images/_generated/ModImage_AGF-HUDPlus-PurpleBook.png,Help! Send image for mod AGF-HUDPlus-PurpleBook-v2.0.1,"See image below for mod details.
Need an image or a collection of images that fit a 1920x1080 or similar 16:9 ratio.",Needed,Survivor role
AGF-HUDPlus-RemoveEnteringPopUp-v1.0.1,00_Images/_generated/ModImage_AGF-HUDPlus-RemoveEnteringPopUp.png,Help! Send image for mod AGF-HUDPlus-RemoveEnteringPopUp-v1.0.1,"See image below for mod details.
Need an image or a collection of images that fit a 1920x1080 or similar 16:9 ratio.",Needed,Survivor role
AGF-HUDPluszOther-RemoveWrittentormAlerts-v2.0.1,00_Images/_generated/ModImage_AGF-HUDPluszOther-RemoveWrittentormAlerts.png,Help! Send image for mod AGF-HUDPluszOther-RemoveWrittentormAlerts-v2.0.1,"See image below for mod details.
Need an image or a collection of images that fit a 1920x1080 or similar 16:9 ratio.",Needed,Survivor role
AGF-HUDPluszOther-SmallerInteractionPrompt-v1.0.1,00_Images/_generated/ModImage_AGF-HUDPluszOther-SmallerInteractionPrompt.png,Help! Send image for mod AGF-HUDPluszOther-SmallerInteractionPrompt-v1.0.1,"See image below for mod details.
Need an image or a collection of images that fit a 1920x1080 or similar 16:9 ratio.",Needed,Survivor role
AGF-HUDPluszOther-TinyBuffsPopUp-v1.0.1,00_Images/_generated/ModImage_AGF-HUDPluszOther-TinyBuffsPopUp.png,Help! Send image for mod AGF-HUDPluszOther-TinyBuffsPopUp-v1.0.1,"See image below for mod details.
Need an image or a collection of images that fit a 1920x1080 or similar 16:9 ratio.",Needed,Survivor role
AGF-NoEAC-AudioOptionsPlus-v1.0.1,00_Images/_generated/ModImage_AGF-NoEAC-AudioOptionsPlus.png,Help! Send image for mod AGF-NoEAC-AudioOptionsPlus-v1.0.1,"See image below for mod details.
Need an image or a collection of images that fit a 1920x1080 or similar 16:9 ratio.",Needed,Survivor role
AGF-NoEAC-AutoRun-v1.0.1,00_Images/_generated/ModImage_AGF-NoEAC-AutoRun.png,Help! Send image for mod AGF-NoEAC-AutoRun-v1.0.1,"See image below for mod details.
Need an image or a collection of images that fit a 1920x1080 or similar 16:9 ratio.",Needed,Survivor role
AGF-NoEAC-ConsoleOpacityMod-v1.0.1,00_Images/_generated/ModImage_AGF-NoEAC-ConsoleOpacityMod.png,Help! Send image for mod AGF-NoEAC-ConsoleOpacityMod-v1.0.1,"See image below for mod details.
Need an image or a collection of images that fit a 1920x1080 or similar 16:9 ratio.",Needed,Survivor role
AGF-NoEAC-CosmeticLockIcon-v1.0.2,00_Images/_generated/ModImage_AGF-NoEAC-CosmeticLockIcon.png,Help! Send image for mod AGF-NoEAC-CosmeticLockIcon-v1.0.2,"See image below for mod details.
Need an image or a collection of images that fit a 1920x1080 or similar 16:9 ratio.",Needed,Survivor role
AGF-NoEAC-EnhancedAGF-v3.2.1,00_Images/_generated/ModImage_AGF-NoEAC-EnhancedAGF.png,Help! Send image for mod AGF-NoEAC-EnhancedAGF-v3.2.1,"See image below for mod details.
Need an image or a collection of images that fit a 1920x1080 or similar 16:9 ratio.",Needed,Survivor role
AGF-NoEAC-ExpandedInteractionPrompts-v1.1.1,00_Images/_generated/ModImage_AGF-NoEAC-ExpandedInteractionPrompts.png,Help! Send image for mod AGF-NoEAC-ExpandedInteractionPrompts-v1.1.1,"See image below for mod details.
Need an image or a collection of images that fit a 1920x1080 or similar 16:9 ratio.",Needed,Survivor role
AGF-NoEAC-FlightAssist-v1.0.1,00_Images/_generated/ModImage_AGF-NoEAC-FlightAssist.png,Help! Send image for mod AGF-NoEAC-FlightAssist-v1.0.1,"See image below for mod details.
Need an image or a collection of images that fit a 1920x1080 or similar 16:9 ratio.",Needed,Survivor role
AGF-NoEAC-GlobalStormTracker-v1.0.1,00_Images/_generated/ModImage_AGF-NoEAC-GlobalStormTracker.png,Help! Send image for mod AGF-NoEAC-GlobalStormTracker-v1.0.1,"See image below for mod details.
Need an image or a collection of images that fit a 1920x1080 or similar 16:9 ratio.",Needed,Survivor role
AGF-NoEAC-ItemTypeIconColor-v1.0.3,00_Images/_generated/ModImage_AGF-NoEAC-ItemTypeIconColor.png,Help! Send image for mod AGF-NoEAC-ItemTypeIconColor-v1.0.3,"See image below for mod details.
Need an image or a collection of images that fit a 1920x1080 or similar 16:9 ratio.",Needed,Survivor role
AGF-NoEAC-LockableWorkstations-v1.2.1,00_Images/_generated/ModImage_AGF-NoEAC-LockableWorkstations.png,Help! Send image for mod AGF-NoEAC-LockableWorkstations-v1.2.1,"See image below for mod details.
Need an image or a collection of images that fit a 1920x1080 or similar 16:9 ratio.",Needed,Survivor role
AGF-NoEAC-OpenAllButton-v1.0.2,00_Images/_generated/ModImage_AGF-NoEAC-OpenAllButton.png,Help! Send image for mod AGF-NoEAC-OpenAllButton-v1.0.2,"See image below for mod details.
Need an image or a collection of images that fit a 1920x1080 or similar 16:9 ratio.",Needed,Survivor role
AGF-NoEAC-ScreamerAlert-v1.2.1,00_Images/_generated/ModImage_AGF-NoEAC-ScreamerAlert.png,Help! Send image for mod AGF-NoEAC-ScreamerAlert-v1.2.1,"See image below for mod details.
Need an image or a collection of images that fit a 1920x1080 or similar 16:9 ratio.",Needed,Survivor role
AGF-NoEAC-SortingBox-v1.0.6,00_Images/_generated/ModImage_AGF-NoEAC-SortingBox.png,Help! Send image for mod AGF-NoEAC-SortingBox-v1.0.6,"See image below for mod details.
Need an image or a collection of images that fit a 1920x1080 or similar 16:9 ratio.",Needed,Survivor role
AGF-NoEAC-Toolbelt12Slots-v1.0.3,00_Images/_generated/ModImage_AGF-NoEAC-Toolbelt12Slots.png,Help! Send image for mod AGF-NoEAC-Toolbelt12Slots-v1.0.3,"See image below for mod details.
Need an image or a collection of images that fit a 1920x1080 or similar 16:9 ratio.",Needed,Survivor role
AGF-VP-AdminModdingSupport-v1.0.5,00_Images/_generated/ModImage_AGF-VP-AdminModdingSupport.png,Help! Send image for mod AGF-VP-AdminModdingSupport-v1.0.5,"See image below for mod details.
Need an image or a collection of images that fit a 1920x1080 or similar 16:9 ratio.",Needed,Survivor role
AGF-VP-AlternativeRecipes-v1.0.2,00_Images/_generated/ModImage_AGF-VP-AlternativeRecipes.png,Help! Send image for mod AGF-VP-AlternativeRecipes-v1.0.2,"See image below for mod details.
Need an image or a collection of images that fit a 1920x1080 or similar 16:9 ratio.",Needed,Survivor role
AGF-VP-AmmoDisassembly-v1.0.2,00_Images/_generated/ModImage_AGF-VP-AmmoDisassembly.png,Help! Send image for mod AGF-VP-AmmoDisassembly-v1.0.2,"See image below for mod details.
Need an image or a collection of images that fit a 1920x1080 or similar 16:9 ratio.",Needed,Survivor role
AGF-VP-ApiaryPlus-v1.0.4,00_Images/_generated/ModImage_AGF-VP-ApiaryPlus.png,Help! Send image for mod AGF-VP-ApiaryPlus-v1.0.4,"See image below for mod details.
Need an image or a collection of images that fit a 1920x1080 or similar 16:9 ratio.",Needed,Survivor role
AGF-VP-ArcheryFeathersChange-v1.0.3,00_Images/_generated/ModImage_AGF-VP-ArcheryFeathersChange.png,Help! Send image for mod AGF-VP-ArcheryFeathersChange-v1.0.3,"See image below for mod details.
Need an image or a collection of images that fit a 1920x1080 or similar 16:9 ratio.",Needed,Survivor role
AGF-VP-ArmorHarvestMods-v2.1.1,00_Images/_generated/ModImage_AGF-VP-ArmorHarvestMods.png,Help! Send image for mod AGF-VP-ArmorHarvestMods-v2.1.1,"See image below for mod details.
Need an image or a collection of images that fit a 1920x1080 or similar 16:9 ratio.",Needed,Survivor role
AGF-VP-AutomobilesRespawn-v3.1.1,00_Images/_generated/ModImage_AGF-VP-AutomobilesRespawn.png,Help! Send image for mod AGF-VP-AutomobilesRespawn-v3.1.1,"See image below for mod details.
Need an image or a collection of images that fit a 1920x1080 or similar 16:9 ratio.",Needed,Survivor role
AGF-VP-BedrollPlus-v1.0.1,00_Images/_generated/ModImage_AGF-VP-BedrollPlus.png,Help! Send image for mod AGF-VP-BedrollPlus-v1.0.1,"See image below for mod details.
Need an image or a collection of images that fit a 1920x1080 or similar 16:9 ratio.",Needed,Survivor role
AGF-VP-BetterEggChance-v2.1.1,00_Images/_generated/ModImage_AGF-VP-BetterEggChance.png,Help! Send image for mod AGF-VP-BetterEggChance-v2.1.1,"See image below for mod details.
Need an image or a collection of images that fit a 1920x1080 or similar 16:9 ratio.",Needed,Survivor role
AGF-VP-BreakItGetIt-v1.0.3,00_Images/_generated/ModImage_AGF-VP-BreakItGetIt.png,Help! Send image for mod AGF-VP-BreakItGetIt-v1.0.3,"See image below for mod details.
Need an image or a collection of images that fit a 1920x1080 or similar 16:9 ratio.",Needed,Survivor role
AGF-VP-BuyTraderVendingMachines-v3.0.3,00_Images/_generated/ModImage_AGF-VP-BuyTraderVendingMachines.png,Help! Send image for mod AGF-VP-BuyTraderVendingMachines-v3.0.3,"See image below for mod details.
Need an image or a collection of images that fit a 1920x1080 or similar 16:9 ratio.",Needed,Survivor role
AGF-VP-CraftSewingKits-v1.0.1,00_Images/_generated/ModImage_AGF-VP-CraftSewingKits.png,Help! Send image for mod AGF-VP-CraftSewingKits-v1.0.1,"See image below for mod details.
Need an image or a collection of images that fit a 1920x1080 or similar 16:9 ratio.",Needed,Survivor role
AGF-VP-CraftStackEngBattCells-v3.3.1,00_Images/_generated/ModImage_AGF-VP-CraftStackEngBattCells.png,Help! Send image for mod AGF-VP-CraftStackEngBattCells-v3.3.1,"See image below for mod details.
Need an image or a collection of images that fit a 1920x1080 or similar 16:9 ratio.",Needed,Survivor role
AGF-VP-CraftVitamins-v1.1.1,00_Images/_generated/ModImage_AGF-VP-CraftVitamins.png,Help! Send image for mod AGF-VP-CraftVitamins-v1.1.1,"See image below for mod details.
Need an image or a collection of images that fit a 1920x1080 or similar 16:9 ratio.",Needed,Survivor role
AGF-VP-DecorationBlock-v3.0.3,00_Images/_generated/ModImage_AGF-VP-DecorationBlock.png,Help! Send image for mod AGF-VP-DecorationBlock-v3.0.3,"See image below for mod details.
Need an image or a collection of images that fit a 1920x1080 or similar 16:9 ratio.",Needed,Survivor role
AGF-VP-DewsPlus-v2.4.3,00_Images/_generated/ModImage_AGF-VP-DewsPlus.png,Help! Send image for mod AGF-VP-DewsPlus-v2.4.3,"See image below for mod details.
Need an image or a collection of images that fit a 1920x1080 or similar 16:9 ratio.",Needed,Survivor role
AGF-VP-DoorsPlus-v3.0.1,00_Images/_generated/ModImage_AGF-VP-DoorsPlus.png,Help! Send image for mod AGF-VP-DoorsPlus-v3.0.1,"See image below for mod details.
Need an image or a collection of images that fit a 1920x1080 or similar 16:9 ratio.",Needed,Survivor role
AGF-VP-DrinkableAcid-v2.0.2,00_Images/_generated/ModImage_AGF-VP-DrinkableAcid.png,Help! Send image for mod AGF-VP-DrinkableAcid-v2.0.2,"See image below for mod details.
Need an image or a collection of images that fit a 1920x1080 or similar 16:9 ratio.",Needed,Survivor role
AGF-VP-DyesPlus-v3.1.1,00_Images/_generated/ModImage_AGF-VP-DyesPlus.png,Help! Send image for mod AGF-VP-DyesPlus-v3.1.1,"See image below for mod details.
Need an image or a collection of images that fit a 1920x1080 or similar 16:9 ratio.",Needed,Survivor role
AGF-VP-FarmingPlus-v5.6.3,00_Images/_generated/ModImage_AGF-VP-FarmingPlus.png,Help! Send image for mod AGF-VP-FarmingPlus-v5.6.3,"See image below for mod details.
Need an image or a collection of images that fit a 1920x1080 or similar 16:9 ratio.",Needed,Survivor role
AGF-VP-FloraHarvester-v2.3.1,00_Images/_generated/ModImage_AGF-VP-FloraHarvester.png,Help! Send image for mod AGF-VP-FloraHarvester-v2.3.1,"See image below for mod details.
Need an image or a collection of images that fit a 1920x1080 or similar 16:9 ratio.",Needed,Survivor role
AGF-VP-FuelBurnPlus-v2.3.1,00_Images/_generated/ModImage_AGF-VP-FuelBurnPlus.png,Help! Send image for mod AGF-VP-FuelBurnPlus-v2.3.1,"See image below for mod details.
Need an image or a collection of images that fit a 1920x1080 or similar 16:9 ratio.",Needed,Survivor role
AGF-VP-MasterTool-v6.1.2,00_Images/_generated/ModImage_AGF-VP-MasterTool.png,Help! Send image for mod AGF-VP-MasterTool-v6.1.2,"See image below for mod details.
Need an image or a collection of images that fit a 1920x1080 or similar 16:9 ratio.",Needed,Survivor role
AGF-VP-MaxLevel500-v2.0.3,00_Images/_generated/ModImage_AGF-VP-MaxLevel500.png,Help! Send image for mod AGF-VP-MaxLevel500-v2.0.3,"See image below for mod details.
Need an image or a collection of images that fit a 1920x1080 or similar 16:9 ratio.",Needed,Survivor role
AGF-VP-MedicationNoInsectSlow-v1.1.1,00_Images/_generated/ModImage_AGF-VP-MedicationNoInsectSlow.png,Help! Send image for mod AGF-VP-MedicationNoInsectSlow-v1.1.1,"See image below for mod details.
Need an image or a collection of images that fit a 1920x1080 or similar 16:9 ratio.",Needed,Survivor role
AGF-VP-MiningPlus-v1.2.1,00_Images/_generated/ModImage_AGF-VP-MiningPlus.png,Help! Send image for mod AGF-VP-MiningPlus-v1.2.1,"See image below for mod details.
Need an image or a collection of images that fit a 1920x1080 or similar 16:9 ratio.",Needed,Survivor role
AGF-VP-Mod988-v2.0.2,00_Images/_generated/ModImage_AGF-VP-Mod988.png,Help! Send image for mod AGF-VP-Mod988-v2.0.2,"See image below for mod details.
Need an image or a collection of images that fit a 1920x1080 or similar 16:9 ratio.",Needed,Survivor role
AGF-VP-ModBundling-v1.0.2,00_Images/_generated/ModImage_AGF-VP-ModBundling.png,Help! Send image for mod AGF-VP-ModBundling-v1.0.2,"See image below for mod details.
Need an image or a collection of images that fit a 1920x1080 or similar 16:9 ratio.",Needed,Survivor role
AGF-VP-ModSlotsPlus-v3.0.2,00_Images/_generated/ModImage_AGF-VP-ModSlotsPlus.png,Help! Send image for mod AGF-VP-ModSlotsPlus-v3.0.2,"See image below for mod details.
Need an image or a collection of images that fit a 1920x1080 or similar 16:9 ratio.",Needed,Survivor role
AGF-VP-PaintbrushPlus-v2.1.1,00_Images/_generated/ModImage_AGF-VP-PaintbrushPlus.png,Help! Send image for mod AGF-VP-PaintbrushPlus-v2.1.1,"See image below for mod details.
Need an image or a collection of images that fit a 1920x1080 or similar 16:9 ratio.",Needed,Survivor role
AGF-VP-PickupLanternsPlus-v2.0.2,00_Images/_generated/ModImage_AGF-VP-PickupLanternsPlus.png,Help! Send image for mod AGF-VP-PickupLanternsPlus-v2.0.2,"See image below for mod details.
Need an image or a collection of images that fit a 1920x1080 or similar 16:9 ratio.",Needed,Survivor role
AGF-VP-PlayerResetQuests-v2.0.2,00_Images/_generated/ModImage_AGF-VP-PlayerResetQuests.png,Help! Send image for mod AGF-VP-PlayerResetQuests-v2.0.2,"See image below for mod details.
Need an image or a collection of images that fit a 1920x1080 or similar 16:9 ratio.",Needed,Survivor role
AGF-VP-PlayerVendingMachinesPlus-v1.0.1,00_Images/_generated/ModImage_AGF-VP-PlayerVendingMachinesPlus.png,Help! Send image for mod AGF-VP-PlayerVendingMachinesPlus-v1.0.1,"See image below for mod details.
Need an image or a collection of images that fit a 1920x1080 or similar 16:9 ratio.",Needed,Survivor role
AGF-VP-PumpkinsPlus-v2.0.5,00_Images/_generated/ModImage_AGF-VP-PumpkinsPlus.png,Help! Send image for mod AGF-VP-PumpkinsPlus-v2.0.5,"See image below for mod details.
Need an image or a collection of images that fit a 1920x1080 or similar 16:9 ratio.",Needed,Survivor role
AGF-VP-QuickStart-v2.0.1,00_Images/_generated/ModImage_AGF-VP-QuickStart.png,Help! Send image for mod AGF-VP-QuickStart-v2.0.1,"See image below for mod details.
Need an image or a collection of images that fit a 1920x1080 or similar 16:9 ratio.",Needed,Survivor role
AGF-VP-RebundleBundles-v1.0.1,00_Images/_generated/ModImage_AGF-VP-RebundleBundles.png,Help! Send image for mod AGF-VP-RebundleBundles-v1.0.1,"See image below for mod details.
Need an image or a collection of images that fit a 1920x1080 or similar 16:9 ratio.",Needed,Survivor role
AGF-VP-RecipeRottingFlesh-v1.0.1,00_Images/_generated/ModImage_AGF-VP-RecipeRottingFlesh.png,Help! Send image for mod AGF-VP-RecipeRottingFlesh-v1.0.1,"See image below for mod details.
Need an image or a collection of images that fit a 1920x1080 or similar 16:9 ratio.",Needed,Survivor role
AGF-VP-RenamesAlphabeticalSort-v2.0.5,00_Images/_generated/ModImage_AGF-VP-RenamesAlphabeticalSort.png,Help! Send image for mod AGF-VP-RenamesAlphabeticalSort-v2.0.5,"See image below for mod details.
Need an image or a collection of images that fit a 1920x1080 or similar 16:9 ratio.",Needed,Survivor role
AGF-VP-RestorePowerAnyTime-v1.0.3,00_Images/_generated/ModImage_AGF-VP-RestorePowerAnyTime.png,Help! Send image for mod AGF-VP-RestorePowerAnyTime-v1.0.3,"See image below for mod details.
Need an image or a collection of images that fit a 1920x1080 or similar 16:9 ratio.",Needed,Survivor role
AGF-VP-ScrapBatts4Acid-v1.1.1,00_Images/_generated/ModImage_AGF-VP-ScrapBatts4Acid.png,Help! Send image for mod AGF-VP-ScrapBatts4Acid-v1.1.1,"See image below for mod details.
Need an image or a collection of images that fit a 1920x1080 or similar 16:9 ratio.",Needed,Survivor role
AGF-VP-ScrapEquipmentFaster-v1.0.1,00_Images/_generated/ModImage_AGF-VP-ScrapEquipmentFaster.png,Help! Send image for mod AGF-VP-ScrapEquipmentFaster-v1.0.1,"See image below for mod details.
Need an image or a collection of images that fit a 1920x1080 or similar 16:9 ratio.",Needed,Survivor role
AGF-VP-SimplifiedStacks-v1.2.4,00_Images/_generated/ModImage_AGF-VP-SimplifiedStacks.png,Help! Send image for mod AGF-VP-SimplifiedStacks-v1.2.4,"See image below for mod details.
Need an image or a collection of images that fit a 1920x1080 or similar 16:9 ratio.",Needed,Survivor role
AGF-VP-SmeltingPlus-v2.4.1,00_Images/_generated/ModImage_AGF-VP-SmeltingPlus.png,Help! Send image for mod AGF-VP-SmeltingPlus-v2.4.1,"See image below for mod details.
Need an image or a collection of images that fit a 1920x1080 or similar 16:9 ratio.",Needed,Survivor role
AGF-VP-StayLongerAnimalCorpse-v2.0.3,00_Images/_generated/ModImage_AGF-VP-StayLongerAnimalCorpse.png,Help! Send image for mod AGF-VP-StayLongerAnimalCorpse-v2.0.3,"See image below for mod details.
Need an image or a collection of images that fit a 1920x1080 or similar 16:9 ratio.",Needed,Survivor role
AGF-VP-StayLongerPlayerBackpack-v2.0.2,00_Images/_generated/ModImage_AGF-VP-StayLongerPlayerBackpack.png,Help! Send image for mod AGF-VP-StayLongerPlayerBackpack-v2.0.2,"See image below for mod details.
Need an image or a collection of images that fit a 1920x1080 or similar 16:9 ratio.",Needed,Survivor role
AGF-VP-StayLongerZombieLoot-v2.0.2,00_Images/_generated/ModImage_AGF-VP-StayLongerZombieLoot.png,Help! Send image for mod AGF-VP-StayLongerZombieLoot-v2.0.2,"See image below for mod details.
Need an image or a collection of images that fit a 1920x1080 or similar 16:9 ratio.",Needed,Survivor role
AGF-VP-TacticalRiflePlus-v2.1.1,00_Images/_generated/ModImage_AGF-VP-TacticalRiflePlus.png,Help! Send image for mod AGF-VP-TacticalRiflePlus-v2.1.1,"See image below for mod details.
Need an image or a collection of images that fit a 1920x1080 or similar 16:9 ratio.",Needed,Survivor role
AGF-VP-TraderAlwaysOpen-v2.0.2,00_Images/_generated/ModImage_AGF-VP-TraderAlwaysOpen.png,Help! Send image for mod AGF-VP-TraderAlwaysOpen-v2.0.2,"See image below for mod details.
Need an image or a collection of images that fit a 1920x1080 or similar 16:9 ratio.",Needed,Survivor role
AGF-VP-TraderCostlierPrices-v1.0.1,00_Images/_generated/ModImage_AGF-VP-TraderCostlierPrices.png,Help! Send image for mod AGF-VP-TraderCostlierPrices-v1.0.1,"See image below for mod details.
Need an image or a collection of images that fit a 1920x1080 or similar 16:9 ratio.",Needed,Survivor role
AGF-VP-TraderSellsMoreBooks-v3.0.1,00_Images/_generated/ModImage_AGF-VP-TraderSellsMoreBooks.png,Help! Send image for mod AGF-VP-TraderSellsMoreBooks-v3.0.1,"See image below for mod details.
Need an image or a collection of images that fit a 1920x1080 or similar 16:9 ratio.",Needed,Survivor role
AGF-VP-TradersRestockEvery2Days-v1.0.1,00_Images/_generated/ModImage_AGF-VP-TradersRestockEvery2Days.png,Help! Send image for mod AGF-VP-TradersRestockEvery2Days-v1.0.1,"See image below for mod details.
Need an image or a collection of images that fit a 1920x1080 or similar 16:9 ratio.",Needed,Survivor role
AGF-VP-TreesPlus-v3.0.2,00_Images/_generated/ModImage_AGF-VP-TreesPlus.png,Help! Send image for mod AGF-VP-TreesPlus-v3.0.2,"See image below for mod details.
Need an image or a collection of images that fit a 1920x1080 or similar 16:9 ratio.",Needed,Survivor role
AGF-VP-VehiclePerformance-v1.0.2,00_Images/_generated/ModImage_AGF-VP-VehiclePerformance.png,Help! Send image for mod AGF-VP-VehiclePerformance-v1.0.2,"See image below for mod details.
Need an image or a collection of images that fit a 1920x1080 or similar 16:9 ratio.",Needed,Survivor role
AGF-VP-VehiclesExtraSeating-v1.0.1,00_Images/_generated/ModImage_AGF-VP-VehiclesExtraSeating.png,Help! Send image for mod AGF-VP-VehiclesExtraSeating-v1.0.1,"See image below for mod details.
Need an image or a collection of images that fit a 1920x1080 or similar 16:9 ratio.",Needed,Survivor role
AGF-VP-VehicleStoragePlus-v2.1.2,00_Images/_generated/ModImage_AGF-VP-VehicleStoragePlus.png,Help! Send image for mod AGF-VP-VehicleStoragePlus-v2.1.2,"See image below for mod details.
Need an image or a collection of images that fit a 1920x1080 or similar 16:9 ratio.",Needed,Survivor role
AGF-VP-WriteStoryOnCrate-v1.0.1,00_Images/_generated/ModImage_AGF-VP-WriteStoryOnCrate.png,Help! Send image for mod AGF-VP-WriteStoryOnCrate-v1.0.1,"See image below for mod details.
Need an image or a collection of images that fit a 1920x1080 or similar 16:9 ratio.",Needed,Survivor role
AGF-VP-XPDeathPenaltyReduction-v2.0.1,00_Images/_generated/ModImage_AGF-VP-XPDeathPenaltyReduction.png,Help! Send image for mod AGF-VP-XPDeathPenaltyReduction-v2.0.1,"See image below for mod details.
Need an image or a collection of images that fit a 1920x1080 or similar 16:9 ratio.",Needed,Survivor role
AGF-VP-ZombieBiomeSpawning-v3.0.1,00_Images/_generated/ModImage_AGF-VP-ZombieBiomeSpawning.png,Help! Send image for mod AGF-VP-ZombieBiomeSpawning-v3.0.1,"See image below for mod details.
Need an image or a collection of images that fit a 1920x1080 or similar 16:9 ratio.",Needed,Survivor role
AGF-VP-ZombieCorpseLeaveQuicker-v2.0.2,00_Images/_generated/ModImage_AGF-VP-ZombieCorpseLeaveQuicker.png,Help! Send image for mod AGF-VP-ZombieCorpseLeaveQuicker-v2.0.2,"See image below for mod details.
Need an image or a collection of images that fit a 1920x1080 or similar 16:9 ratio.",Needed,Survivor role
AGF-VP-ZombieLargerHordes-v2.0.2,00_Images/_generated/ModImage_AGF-VP-ZombieLargerHordes.png,Help! Send image for mod AGF-VP-ZombieLargerHordes-v2.0.2,"See image below for mod details.
Need an image or a collection of images that fit a 1920x1080 or similar 16:9 ratio.",Needed,Survivor role
zzzAGF-Special-Compatibilities-v4.1.1,00_Images/_generated/ModImage_zzzAGF-Special-Compatibilities.png,Help! Send image for mod zzzAGF-Special-Compatibilities-v4.1.1,"See image below for mod details.
Need an image or a collection of images that fit a 1920x1080 or similar 16:9 ratio.",Needed,Survivor role
